run,case,frames,fps,p50,p95,p99,raf:renderFrame,passes,draws,copy,copyMs,filteredSprite,filteredSpriteMB,legacy:worldLight,legacy:foregroundAtmosphere,geometryReads,geometryReadsMs,styleReads,styleReadMs,uniformWrite,bindGroup,textureCreate,textureDestroy,bufferCreate,bufferDestroy,submit
before,1-baseline-idle,300,59.995200383969284,16.699999999999818,16.800000000000182,16.800000000000182,0.3699999996026357,3,3,0,0,0,0,0,0,2,0.005333333412806193,2,0.0033333333333333335,4,0,0,0,0,0,1
before,1-baseline-walking,299,59.99558560908563,16.69999999999891,16.80000000000109,16.80000000000109,0.4180602006688963,3,3,0.013377926421404682,0.0010033444218013597,0,0,0,0,3,0.030434783087127583,2,0.0016722407030022662,4,0.016722408026755852,0.013377926421404682,0,0,0,1
before,1-full-idle,300,59.99520038396926,16.700000000000728,16.700000000000728,16.799999999999272,0.48866666704416273,5,9,1.44,0.03666666696468989,0.09333333333333334,0.04122817993164062,0.6733333333333333,0.6733333333333333,4,0.006999999980131785,7,0.003666666646798452,10,0,0,0,0,0,1
before,1-full-walking,299,59.99558560908561,16.700000000000728,16.799999999999272,16.80000000000291,0.7675585278300537,5,9.414715719063546,2.321070234113712,0.03712374520142341,0.979933110367893,0.4335141644430001,0.6622073578595318,0.6622073578595318,5,0.029431437668593033,7.802675585284281,0.0046822741677529835,10.414715719063546,0.3745819397993311,0.33444816053511706,0.3177257525083612,0.0033444816053511705,0,1
before,1-cinematic-idle,299,59.99558560908565,16.69999999999709,16.799999999995634,16.80000000000291,0.45852842697730434,9,10,0.046822742474916385,0.0023411370838764918,0,0,0,0,4,0.00836120371435797,4,0.0033444814060045324,11,0.0903010033444816,0.046822742474916385,0,0,0,1
before,1-cinematic-walking,299,59.995585609085566,16.69999999999709,16.80000000000291,16.80000000000291,0.46622073411144144,9,10.414715719063546,0.013377926421404682,0.0003344482402737723,0,0,0,0,5,0.03612040127798865,4.829431438127091,0.002341137183549811,11.414715719063546,0.10033444816053512,0.013377926421404682,0,0.0033444816053511705,0,1
before,1-grading-walking,299,59.995585609085566,16.69999999999709,16.799999999995634,16.80000000000291,0.721404683131438,5,9.414715719063546,2.3545150501672243,0.03913043474273937,0.979933110367893,0.4335077725923978,0.6789297658862876,0.6789297658862876,5,0.036120400978968695,7.802675585284281,0.007357859591576567,10.414715719063546,0.36789297658862874,0.3277591973244147,0.3110367892976589,0.0033444816053511705,0,1
before,1-area-walking,235,46.987783176374116,16.69999999999709,17.80000000000291,18.200000000004366,0.7446808497956459,5,9.38723404255319,2.425531914893617,0.047659574163720964,0.9702127659574468,0.4291808108065991,0.7191489361702128,0.7191489361702128,5,0.03787234083135077,7.740425531914894,0.005957446707055924,10.38723404255319,0.3829787234042553,0.33617021276595743,0.3191489361702128,0.00425531914893617,0,1
before,1-depth-walking,284,56.921812679133396,17.599999999998545,18.19999999999709,18.599999999998545,0.6338028167964707,5,9.415492957746478,3,0.041901408366754024,0.9823943661971831,0.4345811118542309,1,1,5,0.02887323949958237,7.802816901408451,0.005985915765795909,10.415492957746478,0.397887323943662,0.35563380281690143,0.3380281690140845,0.0035211267605633804,0,1
before,2-baseline-idle,285,57.059341715384,17.5,18.09999999999991,18.400000000000546,0.35157894575804993,3,3,0.010526315789473684,0.0003508771720685457,0,0,0,0,2,0.00280701758568747,2,0.002456140309049372,4,0.014035087719298246,0.010526315789473684,0,0,0,1
before,2-baseline-walking,283,56.87870565772284,17.599999999998545,18.200000000000728,18.600000000000364,0.45547703192849043,3,3,0.014134275618374558,0,0,0,0,0,3,0.030742049427841242,2,0.0021201414270030313,4,0.0176678445229682,0.014134275618374558,0,0,0,1
before,2-full-idle,285,57.115373053568234,17.5,18.100000000002183,18.5,0.566315790226585,5,9,2.1473684210526316,0.05754386019288448,0.10175438596491228,0.17740020751953126,1,1,4,0.004210526273961653,6.908771929824561,0.004912280618098744,10,0.0912280701754386,0.0456140350877193,0,0,0,1
before,2-full-walking,285,57.049062193486435,17.5,18.100000000002183,18.5,0.7789473689439004,5,9.414035087719299,3.0035087719298246,0.04350877205530802,0.9824561403508771,1.7108946549265007,1,1,5,0.031578947159281945,7.792982456140351,0.0038596489973235547,10.414035087719299,0.5087719298245614,0.4666666666666667,0.4456140350877193,0.0035087719298245615,0,1
before,2-cinematic-idle,285,56.93964397738398,17.5,18.200000000000728,18.599999999998545,0.4185964918973153,9,10,0.021052631578947368,0.001052631516205637,0,0,0,0,4,0.008771929719991852,4,0.0028070176902570223,11,0.04912280701754386,0.021052631578947368,0,0,0,1
before,2-cinematic-walking,285,57.2289156626506,17.5,18.099999999998545,18.5,0.4010526316207752,9,10.414035087719299,0.017543859649122806,0.0010526316207751893,0,0,0,0,5,0.0354385959474664,4.828070175438596,0.004912280408959639,11.414035087719299,0.09824561403508772,0.017543859649122806,0,0.0035087719298245615,0,1
before,2-grading-walking,285,57.01140228045609,17.5,18.10000000000582,18.599999999998545,0.696842105242244,5,9.414035087719299,3,0.034385965058678074,0.9824561403508771,1.7109490779408238,1,1,5,0.03298245605669523,7.8,0.006666666478441473,10.414035087719299,0.4807017543859649,0.43859649122807015,0.42105263157894735,0.0035087719298245615,0,1
before,2-area-walking,284,57.076249045379605,17.5,18.099999999998545,18.5,0.7070422548223549,5,9.415492957746478,3,0.047887323817736666,0.9823943661971831,1.7107570943698076,1,1,5,0.0271126765390517,7.802816901408451,0.007394365966320038,10.415492957746478,0.5105633802816901,0.46830985915492956,0.4507042253521127,0.0035211267605633804,0,1
before,2-depth-walking,285,57.08105509823948,17.5,18.099999999998545,18.5,0.6884210520669034,5,9.410526315789474,2.992982456140351,0.03824561384686252,0.9754385964912281,1.6986673990885417,1,1,5,0.02947368485885754,7.792982456140351,0.0070175436505100185,10.410526315789474,0.5017543859649123,0.45964912280701753,0.4421052631578947,0.0035087719298245615,0,1
desktop,1-baseline-idle,284,56.961771430863664,17.5,18.199999999999818,18.5,0.43098591488431875,3,3,0.035211267605633804,0.001760563485219445,0,0,0,0,2,0.0056338025860383474,2,0.0035211267605633804,4,0.035211267605633804,0.035211267605633804,0,0,0,1
desktop,1-baseline-walking,285,57.083341678851134,17.5,18.100000000000364,18.5,0.4515789488951365,3,3,0.014035087719298246,0.0003508771720685457,0,0,0,0,3,0.029473684649718435,2,0.001052631516205637,4,0.017543859649122806,0.014035087719298246,0,0,0,1
desktop,1-full-idle,284,57.07166110686869,17.5,18.100000000002183,18.599999999998545,0.5183098590080167,5,9,2.0950704225352115,0.05176056302349332,0.09154929577464789,0.0539397118796765,1,1,4,0.007042253835940026,7,0.003873239625507677,10,0.0035211267605633804,0.0035211267605633804,0,0,0,1
desktop,1-full-walking,286,57.12003195526263,17.5,18.100000000002183,18.599999999998545,0.8055944051984307,5,9.51048951048951,3,0.04265734240725324,0.9790209790209791,0.5785122051105632,1,1,5,0.03356643354559278,7.986013986013986,0.006293706335387864,10.51048951048951,0.43356643356643354,0.3881118881118881,0.36713286713286714,0.0034965034965034965,0,1
desktop,1-cinematic-idle,285,57.13942018525198,17.5,18.10000000000582,18.599999999998545,0.42456140120824176,9,10,0.04912280701754386,0.0021052632415503787,0,0,0,0,4,0.0070175436505100185,4,0.0017543858603427285,11,0.09473684210526316,0.04912280701754386,0,0,0,1
desktop,1-cinematic-walking,286,57.214875867725645,17.5,18.10000000000582,18.599999999998545,0.3905594402051472,9,10.51048951048951,0.013986013986013986,0.0010489511948365432,0,0,0,0,5,0.0363636361760693,5.020979020979021,0.0027972027346804427,11.51048951048951,0.10139860139860139,0.013986013986013986,0,0.0034965034965034965,0,1
desktop,2-baseline-idle,284,56.93208243124048,17.599999999999454,18.100000000000364,18.399999999999636,0.3267605631074435,3,3,0,0,0,0,0,0,2,0.005633803005789367,2,0.0017605633802816902,4,0,0,0,0,0,1
desktop,2-baseline-walking,286,57.1645579740561,17.5,18.100000000000364,18.30000000000109,0.4608391602556189,3,3,0.017482517482517484,0,0,0,0,0,3,0.02902097906266059,2,0.0024475525100748022,4,0.017482517482517484,0.017482517482517484,0,0,0,1
desktop,2-full-idle,181,36.07877531494177,18,52.70000000000073,53.599999999998545,0.6309392272767441,5,9,2.2044198895027622,0.05745856406280349,0.1270718232044199,0.2960756417796098,1,1,4,0.004972375394231048,6.856353591160221,0.004419889239316487,10,0.1270718232044199,0.07734806629834254,0,0,0,1
desktop,2-full-walking,180,35.80379520229143,18,53,53.70000000000073,0.9572222214606073,5,9.511111111111111,2.9944444444444445,0.041111111144224805,0.9611111111111111,2.2429549958970814,1,1,5,0.04722222222222222,7.966666666666667,0.004444444179534912,10.511111111111111,0.5722222222222222,0.5,0.4666666666666667,0.005555555555555556,0,1
desktop,2-cinematic-idle,131,26.417148964488103,35.200000000004366,53.30000000000291,69.70000000000437,0.500000000682496,9,10,0.10687022900763359,0.005343511131883577,0,0,0,0,4,0.009923663985638218,4,0.0030534351600035457,11,0.19083969465648856,0.10687022900763359,0,0,0,1
desktop,2-cinematic-walking,130,26.229772809813948,35.299999999995634,53.30000000000291,70.20000000000437,0.50538461460517,9,10.507692307692308,0.05384615384615385,0.0023076921701431275,0,0,0,0,5,0.06230769226184258,5.015384615384615,0.0038461538461538464,11.507692307692308,0.27692307692307694,0.05384615384615385,0,0.007692307692307693,0,1
headed-chrome,1-baseline-idle,284,56.9480649689192,17.5,18.399999999999636,18.600000000000364,0.31866197162111043,3,3,0,0,0,0,0,0,2,0.006338028315926942,2,0.0017605633802816902,4,0,0,0,0,0,1
headed-chrome,1-baseline-walking,285,57.0810550982395,17.5,18.200000000000728,18.5,0.45122806942253785,3,3,0.014035087719298246,0.0007017544487066436,0,0,0,0,3,0.03684210484487969,2,0.003859649206462659,4,0.014035087719298246,0.014035087719298246,0,0,0,1
headed-chrome,1-full-idle,287,57.29000319386775,17.5,18.099999999998545,18.400000000001455,0.5655052264185317,5,9,2.1463414634146343,0.061324041894919364,0.0975609756097561,0.057638773104039635,1,1,4,0.0066202089761607736,6.909407665505227,0.004878048697415129,10,0.09407665505226481,0.04878048780487805,0,0,0,1
headed-chrome,1-full-walking,285,57.15431665496841,17.5,18.100000000002183,18.5,0.8101754386174052,5,9.51578947368421,3.0035087719298246,0.05403508700822529,0.9859649122807017,0.5826408118532415,1,1,5,0.03403508788660953,8.003508771929825,0.005263157894736842,10.51578947368421,0.45964912280701753,0.4245614035087719,0.4070175438596491,0.0035087719298245615,0,1
headed-chrome,1-cinematic-idle,285,57.23006486074016,17.400000000001455,18.099999999998545,18.30000000000291,0.41087719275240314,9,10,0.0456140350877193,0.001052631516205637,0,0,0,0,4,0.007368421136287221,4,0.004210526273961653,11,0.0912280701754386,0.0456140350877193,0,0,0,1
headed-chrome,1-cinematic-walking,286,57.190849464085716,17.5,18.099999999998545,18.599999999998545,0.40034965087067,9,10.513986013986013,0.02097902097902098,0.000699300761823054,0,0,0,0,5,0.036013985951463656,5.027972027972028,0.0031468530634900073,11.513986013986013,0.10839160839160839,0.02097902097902098,0,0.0034965034965034965,0,1
headed-chrome,2-baseline-idle,285,57.054772581678414,17.5,18.100000000000364,18.59999999999991,0.393684209543362,3,3,0.031578947368421054,0.0017543858603427285,0,0,0,0,2,0.00526315779016729,2,0.0010526317253447416,4,0.03508771929824561,0.031578947368421054,0,0,0,1
headed-chrome,2-baseline-walking,286,57.14399888109651,17.5,18.100000000000364,18.5,0.43181818067193867,3,3,0.013986013986013986,0.00034965032880956477,0,0,0,0,3,0.03671328702589849,2,0.003146853167693932,4,0.017482517482517484,0.013986013986013986,0,0,0,1
headed-chrome,2-full-idle,171,34.38914027149321,17.80000000000291,53.29999999999927,54.400000000001455,0.6111111114596763,5,9,2.1052631578947367,0.05906432727624101,0.09941520467836257,0.2319542734246505,1,1,4,0.007602339425282172,6.988304093567251,0.004093567007466366,10,0.011695906432748537,0.005847953216374269,0,0,0,1
headed-chrome,2-full-walking,169,33.909187584020536,17.899999999997817,53.29999999999927,54.10000000000218,0.9822485192992984,5,9.514792899408285,3,0.05443786887022165,0.9585798816568047,2.2348988324227417,1,1,5,0.05443786939925696,7.946745562130178,0.010650887644502538,10.514792899408285,0.6982248520710059,0.6153846153846154,0.5739644970414202,0.005917159763313609,0,1
headed-chrome,2-cinematic-idle,126,25.39810522072161,35.400000000001455,53.299999999995634,71.19999999999709,0.503968253968254,9,10,0.1111111111111111,0.00476190447807312,0,0,0,0,4,0.004761904714599488,4,0.0031746034584348164,11,0.1984126984126984,0.1111111111111111,0,0,0,1
headed-chrome,2-cinematic-walking,124,24.99143438740752,35.5,53.200000000004366,53.5,0.5048387101100337,9,10.516129032258064,0.056451612903225805,0.004838709869692402,0,0,0,0,5,0.07258064588231425,5.032258064516129,0.0040322578241748196,11.516129032258064,0.28225806451612906,0.056451612903225805,0,0.008064516129032258,0,1
level1,2-baseline-idle,285,57.16348757446298,17.5,18.199999999999818,18.5,0.3512280693179683,3,3,0,0,0,0,0,0,3,0.005263157894736842,2,0.0028070173765483656,4,0,0,0,0,0,1
level1,2-baseline-walking,286,57.2057205720572,17.5,18.100000000000364,18.5,0.6388111900199543,3,3.3496503496503496,0.09090909090909091,0.004545454378728267,0,0,0,0,4,0.02832167830083754,2.702797202797203,0.001398601523646108,4.34965034965035,0.13986013986013987,0.09090909090909091,0,0.0034965034965034965,0,1
level1,2-full-idle,285,56.97151424287856,17.599999999998545,18.200000000000728,18.600000000002183,0.5778947360682906,5,9,2.143859649122807,0.06561403473218282,0.09824561403508772,0.14050400047971492,1,1,4,0.007017543859649123,6.908771929824561,0.0031578946531864633,10,0.0912280701754386,0.0456140350877193,0,0,0,1
level1,2-full-walking,285,57.08905893193385,17.5,18.100000000002183,18.599999999998545,1.0035087717206854,5,9.178947368421053,3.354385964912281,0.05263157884279887,1.2666666666666666,1.7605149520070928,1,1,5,0.03789473761591995,7.192982456140351,0.006315789515512031,10.178947368421053,0.775438596491228,0.6175438596491228,0.5263157894736842,0.0035087719298245615,0,1
level1,2-cinematic-idle,277,55.48544758928755,17.5,18.200000000004366,35.69999999999709,0.4678700340353625,9,10,0.05054151624548736,0.0018050541516245488,0,0,0,0,4,0.00938628156692973,4,0.0032490973868524987,11,0.09747292418772563,0.05054151624548736,0,0,0,1
level1,2-cinematic-walking,277,55.49767590960093,17.5,18.200000000004366,35.39999999999418,0.5263537908719335,9,10.176895306859207,0.08664259927797834,0.002888086578045511,0,0,0,0,5,0.036823104972873784,3.664259927797834,0.002888086578045511,11.176895306859207,0.3574007220216607,0.08664259927797834,0,0.0036101083032490976,0,1
level1,2-grading-walking,285,57.01140228045609,17.5,18.30000000000291,18.599999999998545,0.9231578957616238,5,9.185964912280701,3.357894736842105,0.05333333318693596,1.2701754385964912,1.764943239981668,1,1,5,0.04105263195539775,7.207017543859649,0.008771929929130956,10.185964912280701,0.743859649122807,0.5824561403508772,0.49122807017543857,0.0035087719298245615,0,1
level1,2-area-walking,285,57.05591479650059,17.599999999998545,18.10000000000582,18.5,0.9757894731404488,5,9.178947368421053,3.3508771929824563,0.05719298322995504,1.2596491228070175,1.7511055661920916,1,1,5,0.04210526242590787,7.185964912280702,0.007368420718009012,10.178947368421053,0.8175438596491228,0.6596491228070176,0.5649122807017544,0.0035087719298245615,0,1
level1,2-depth-walking,286,57.21487586772556,17.5,18.10000000000582,18.40000000000873,0.4468531467906245,3,3.3496503496503496,0.017482517482517484,0,0,0,0,0,4,0.03636363638447715,2.702797202797203,0.002447552718482651,4.34965034965035,0.06993006993006994,0.017482517482517484,0,0.0034965034965034965,0,1
