run,step,level,mode,fullScene,frames,fps,median,p95,p99,max,textures,buffers,targets,depthCache,uploadedCache,pendingUploads,passes,draws,submissions,rendererCPUms,effectsCPUms,canvasUploadsPerFrame,filteredCanvasUploads,detachedCanvasDraws,textureCreates,textureDestroys,logicalMiB,imageChangeFrames,positionChangeFrames,rafPending,effectsRAF,producers,particles,effects,owners,timers,pending,playing,flybys,flybyAudio,images,sounds,decoded,decodedMiB,dom,slowFrames,slowWithImage,slowWithUpload,slowWithAllocation,slowWithTimer
"matrix/A","0-LVL-0032","LVL-0032","stationary",false,228,57.199,17.5,18.1,18.2,18.6,15,6,1,1,11,0,3,3,1,0.292,1.502,0,0,10,10,0,8.701,12,0,2,1,4,600,1,8,2,0,1,0,0,6,1,124,107.895,156,0,0,0,0,0
"matrix/A","0-LVL-0032","LVL-0032","walking",false,228,56.984,17.5,18.3,18.6,18.7,47,6,1,1,43,0,3,3,1,0.343,1.453,0,0,7,7,0,6.091,97,131,5,1,4,600,1,8,0,0,1,1,0,6,1,124,107.895,156,0,0,0,0,0
"matrix/A","1-LVL-0001","LVL-0001","stationary",true,228,57.253,17.5,18.1,18.4,18.6,24,12,2,2,16,0,5,9,1,0.496,1.197,2,24,2569,13,0,2780.938,25,0,4,1,4,900,2,8,1,0,2,0,0,163,2,267,232.321,160,0,0,0,0,0
"matrix/A","1-LVL-0001","LVL-0001","walking",true,228,57.16,17.5,18.1,18.5,18.6,65,13,2,2,57,0,5,8.939,1,0.831,1.148,2,105,2740,15,0,2895.818,97,131,5,1,4,900,2,8,1,0,2,0,0,163,2,267,232.321,160,0,0,0,0,0
"matrix/A_repeat","0-LVL-0032","LVL-0032","stationary",false,229,57.256,17.5,18.1,18.5,18.5,15,6,1,1,11,0,3,3,1,0.281,1.51,0,0,10,10,0,8.701,12,0,2,1,4,600,1,8,2,0,1,0,0,6,1,124,107.895,156,0,0,0,0,0
"matrix/A_repeat","0-LVL-0032","LVL-0032","walking",false,227,57.085,17.5,18.1,18.6,18.6,47,6,1,1,43,0,3,3,1,0.341,1.448,0,0,7,7,0,6.091,96,131,4,1,4,600,1,8,1,0,1,0,0,6,1,124,107.895,156,0,0,0,0,0
"matrix/A_repeat","1-LVL-0001","LVL-0001","stationary",true,229,57.223,17.4,18.1,18.6,18.9,25,12,2,2,17,0,5,9,1,0.5,1.193,2,28,2588,14,0,2799.637,29,0,3,1,4,900,2,8,2,0,2,0,0,163,2,267,232.321,160,0,0,0,0,0
"matrix/A_repeat","1-LVL-0001","LVL-0001","walking",true,228,57.21,17.5,18.1,18.5,18.6,65,13,2,2,57,0,5,8.939,1,0.824,1.122,2,105,2740,14,0,2894.818,96,132,5,1,4,900,2,8,1,0,2,0,0,163,2,267,232.321,160,0,0,0,0,0
"matrix/B","0-LVL-0001","LVL-0001","stationary",true,229,57.239,17.4,18.1,18.5,18.5,23,12,2,1,16,0,5,9,1,0.526,1.231,2,28,2588,13,0,2798.637,29,0,3,1,4,900,2,8,2,0,2,0,0,163,1,143,124.427,160,0,0,0,0,0
"matrix/B","0-LVL-0001","LVL-0001","walking",true,228,57.172,17.5,18.1,18.5,18.6,63,13,2,1,56,0,5,8.939,1,0.827,1.214,2,105,2739,15,0,2895.818,96,132,5,1,4,900,2,8,1,0,2,0,0,163,1,143,124.427,160,0,0,0,0,0
"matrix/B","1-LVL-0032","LVL-0032","stationary",false,228,57.113,17.5,18.1,18.4,18.5,16,6,1,2,11,0,3,3,1,0.269,1.463,0,0,10,10,0,8.701,12,0,2,1,4,600,1,8,2,0,1,0,0,6,2,267,232.321,156,0,0,0,0,0
"matrix/B","1-LVL-0032","LVL-0032","walking",false,227,56.938,17.6,18.1,18.5,18.6,48,6,1,2,43,0,3,3,1,0.344,1.433,0,0,7,7,0,6.091,97,130,5,1,4,600,1,8,0,0,1,1,0,6,2,267,232.321,156,0,0,0,0,0
"matrix/B","2-LVL-0001","LVL-0001","stationary",true,228,57.163,17.5,18.1,18.6,18.7,25,12,2,2,17,0,5,9,1,0.381,1.199,2,27,2562,13,0,2785.344,28,0,3,1,4,900,2,8,2,0,2,0,0,163,2,267,232.321,160,0,0,0,0,0
"matrix/B","2-LVL-0001","LVL-0001","walking",true,228,57.177,17.5,18.1,18.5,18.6,59,13,2,2,51,0,5,8.961,1,0.657,1.139,2,99,2712,9,0,2882.972,96,132,5,1,4,900,2,8,1,0,2,0,0,163,2,267,232.321,160,0,0,0,0,0
"matrix/B","3-LVL-0032","LVL-0032","stationary",false,228,56.956,17.6,18.1,18.5,18.6,16,6,1,2,11,0,3,3,1,0.167,1.583,0,0,0,10,0,8.701,12,0,2,1,4,600,1,8,2,0,1,0,0,6,2,267,232.321,156,0,0,0,0,0
"matrix/B","3-LVL-0032","LVL-0032","walking",false,227,56.976,17.5,18.2,18.5,18.5,48,6,1,2,43,0,3,3,1,0.249,1.448,0,0,0,7,0,6.091,96,131,5,1,4,600,1,8,0,0,1,1,0,6,2,267,232.321,156,0,0,0,0,0
"matrix/B","4-LVL-0001","LVL-0001","stationary",true,229,57.183,17.5,18.1,18.6,18.7,25,12,2,2,17,0,5,9,1,0.358,1.219,2,23,2565,14,0,2792.51,24,0,4,1,4,900,2,8,1,0,2,0,0,163,2,267,232.321,160,0,0,0,0,0
"matrix/B","4-LVL-0001","LVL-0001","walking",true,229,57.186,17.5,18.1,18.4,18.5,64,13,2,2,56,0,5,8.934,1,0.728,1.207,2,106,2748,14,0,2908.241,97,132,5,1,4,900,2,8,1,0,2,0,0,163,2,267,232.321,160,0,0,0,0,0
"matrix/C","0-LVL-0004","LVL-0004","stationary",true,227,57.019,17.5,18.2,18.5,18.6,24,12,2,1,17,0,5,9,1,0.393,1.579,2,14,2525,1,0,2748.787,15,0,2,1,4,180,4,8,3,0,2,0,0,7,1,143,124.427,161,0,0,0,0,0
"matrix/C","0-LVL-0004","LVL-0004","walking",true,227,56.938,17.5,18.2,18.5,18.6,53,13,2,1,46,0,5,9.52,1,0.663,1.552,2,97,2695,4,0,2895.743,97,130,4,1,4,180,4,8,2,0,2,0,0,7,1,143,124.427,161,0,0,0,0,0
"matrix/C","1-LVL-0034","LVL-0034","stationary",false,228,57.107,17.5,18.1,18.3,18.5,16,6,1,2,11,0,3,3,1,0.255,1.39,0,0,10,10,0,8.701,12,0,2,1,1,8937,0,8,2,0,1,0,0,78,2,267,232.321,153,0,0,0,0,0
"matrix/C","1-LVL-0034","LVL-0034","walking",false,227,56.848,17.5,18.1,18.6,34.5,48,6,1,2,43,0,3,3,1,0.356,1.356,0,0,7,7,0,6.091,97,130,5,1,1,8937,0,8,0,0,1,1,0,78,2,267,232.321,153,1,1,0,0,0
"matrix/C","2-LVL-0035","LVL-0035","stationary",false,228,57.164,17.5,18.1,18.4,18.5,17,6,1,3,11,0,3,3,1,0.171,1.402,0,0,0,10,0,8.701,12,0,2,1,1,1600,0,8,3,0,1,0,0,7,4,267,232.321,156,0,0,0,0,0
"matrix/C","2-LVL-0035","LVL-0035","walking",false,227,56.999,17.5,18.2,18.5,18.5,49,6,1,3,43,0,3,3,1,0.279,1.371,0,0,0,7,0,6.091,96,131,5,1,1,1600,0,8,1,0,2,1,1,7,4,267,232.321,156,0,0,0,0,0
"matrix/C","3-LVL-0004","LVL-0004","stationary",true,228,56.999,17.6,18.1,18.3,18.5,25,12,2,3,16,0,5,9,1,0.384,1.561,2,28,2564,13,0,2795.466,29,0,2,1,4,180,4,8,3,0,2,0,0,7,4,267,232.321,161,0,0,0,0,0
"matrix/C","3-LVL-0004","LVL-0004","walking",true,229,57.247,17.4,18.1,18.5,18.6,55,13,2,3,46,0,5,9.515,1,0.622,1.589,2,97,2713,5,0,2920.738,97,132,4,1,4,180,4,8,2,0,2,0,0,7,4,267,232.321,161,0,0,0,0,0
"matrix/C","4-LVL-0001","LVL-0001","stationary",true,227,56.992,17.5,18.1,18.4,18.5,26,12,2,4,16,0,5,9,1,0.387,1.237,2,14,2525,13,0,2754.686,15,0,3,1,4,900,2,8,2,0,2,0,0,163,5,267,232.321,160,0,0,0,0,0
"matrix/C","4-LVL-0001","LVL-0001","walking",true,228,57.071,17.5,18.1,18.6,18.6,66,13,2,4,56,0,5,8.93,1,0.746,1.179,2,105,2735,16,0,2896.688,96,132,5,1,4,900,2,8,1,0,2,0,0,163,5,267,232.321,160,0,0,0,0,0
"matrix/D","0-LVL-0004","LVL-0004","stationary",true,228,57.151,17.5,18.1,18.6,18.6,24,12,2,1,17,0,5,9,1,0.538,1.543,2,28,2577,14,0,2796.466,29,0,2,1,4,180,4,8,3,0,2,0,0,7,1,143,124.427,161,0,0,0,0,0
"matrix/D","0-LVL-0004","LVL-0004","walking",true,228,57.097,17.5,18.1,18.5,18.6,53,13,2,1,46,0,5,9.518,1,0.649,1.567,2,96,2704,4,0,2906,96,132,4,1,4,180,4,8,2,0,2,0,0,7,1,143,124.427,161,0,0,0,0,0
"matrix/D","2-LVL-0034","LVL-0034","stationary",false,228,57.124,17.5,18.1,18.5,18.6,13,6,1,1,9,0,3,3,1,0.236,1.354,0,0,7,7,0,6.091,8,0,3,1,1,8937,0,8,1,0,1,0,0,78,2,267,232.321,153,0,0,0,0,0
"matrix/D","2-LVL-0034","LVL-0034","walking",false,227,56.869,17.5,18.2,18.6,34.9,45,6,1,1,41,0,3,3,1,0.348,1.333,0,0,7,7,0,6.091,96,131,5,1,1,8937,0,8,0,0,1,1,0,78,2,267,232.321,153,1,0,0,0,0
"matrix/D","4-LVL-0035","LVL-0035","stationary",false,228,57.063,17.5,18.1,18.5,18.6,15,6,1,1,11,0,3,3,1,0.194,1.369,0,0,2,10,0,8.701,12,0,2,1,1,1600,0,8,3,0,1,0,0,7,4,267,232.321,156,0,0,0,0,0
"matrix/D","4-LVL-0035","LVL-0035","walking",false,228,57.11,17.5,18.1,18.1,18.6,47,6,1,1,43,0,3,3,1,0.255,1.302,0,0,0,7,0,6.091,97,131,5,1,1,1600,0,8,1,0,2,1,1,7,4,267,232.321,156,0,0,0,0,0
"matrix/D","6-LVL-0004","LVL-0004","stationary",true,229,57.25,17.4,18.1,18.3,18.4,23,12,2,1,16,0,5,9,1,0.382,1.532,2,28,2575,13,0,2807.463,29,0,2,1,4,180,4,8,3,0,2,0,0,7,4,267,232.321,161,0,0,0,0,0
"matrix/D","6-LVL-0004","LVL-0004","walking",true,228,57.127,17.5,18.1,18.5,18.6,53,13,2,1,46,0,5,9.518,1,0.62,1.594,2,96,2700,6,0,2907.87,96,132,4,1,4,180,4,8,2,0,2,0,0,7,4,267,232.321,161,0,0,0,0,0
"matrix/D","8-LVL-0001","LVL-0001","stationary",true,229,57.286,17.3,18.1,18.4,18.4,23,12,2,1,16,0,5,9,1,0.382,1.225,2,25,2569,13,0,2794.361,26,0,4,1,4,900,2,8,1,0,2,0,0,163,5,267,232.321,160,0,0,0,0,0
"matrix/D","8-LVL-0001","LVL-0001","walking",true,227,57.038,17.5,18.1,18.5,18.6,55,13,2,1,48,0,5,8.974,1,0.581,1.177,2,97,2692,8,0,2867.732,96,131,5,1,4,900,2,8,1,0,2,0,0,163,5,267,232.321,160,0,0,0,0,0
"matrix/E","0-LVL-0004:off","LVL-0004","stationary",false,228,57.091,17.5,18.2,18.5,18.7,18,6,1,1,14,0,3,3,1,0.374,1.62,0,0,2521,13,0,11.312,15,0,2,1,4,180,4,8,3,0,2,0,0,7,1,143,124.427,161,0,0,0,0,0
"matrix/E","0-LVL-0004:off","LVL-0004","walking",false,227,56.969,17.5,18.2,18.6,18.6,47,6,1,1,43,0,3,3,1,0.389,1.519,0,0,2501,4,0,3.48,97,130,4,1,4,180,4,8,2,0,2,0,0,7,1,143,124.427,161,0,0,0,0,0
"matrix/E","1-LVL-0001","LVL-0001","stationary",true,228,57.139,17.5,18,18.2,18.7,24,12,2,2,16,0,5,9,1,0.391,1.234,2,17,2542,13,0,2770.96,18,0,4,1,4,900,2,8,1,0,2,0,0,163,2,143,124.427,160,0,0,0,0,0
"matrix/E","1-LVL-0001","LVL-0001","walking",true,227,57.09,17.5,18.3,18.6,18.8,64,13,2,2,56,0,5,8.934,1,0.744,1.178,2,105,2724,16,0,2884.691,96,131,5,1,4,900,2,8,1,0,2,0,0,163,2,143,124.427,160,0,0,0,0,0
"lifecycle/lifecycle","cold","LVL-0001","stationary",true,227,56.938,17.6,18.2,18.6,18.6,24,12,2,1,17,0,5,9,1,0.375,1.325,2,14,2525,1,0,2744.374,15,0,3,1,4,900,2,8,2,0,2,0,0,163,1,143,124.427,160,0,0,0,0,0
"lifecycle/lifecycle","cold","LVL-0001","walking",true,228,57.139,17.5,18.2,18.6,18.7,64,13,2,1,57,0,5,8.974,1,0.743,1.285,2,105,2733,16,0,2896.562,96,132,5,1,4,900,2,8,1,0,2,0,0,163,1,143,124.427,160,0,0,0,0,0
"lifecycle/lifecycle","resume-3","LVL-0001","stationary",true,228,57.278,17.4,18.2,18.5,18.6,93,13,2,1,86,0,5,9,1,0.402,1.279,2,14,2536,0,0,2755.372,15,0,3,1,4,900,2,8,2,0,2,0,0,163,1,143,124.427,160,0,0,0,0,0
"lifecycle/lifecycle","resume-3","LVL-0001","walking",true,228,57.023,17.5,18.2,18.5,18.6,93,13,2,1,86,0,5,8.978,1,0.539,1.293,2,105,2727,0,0,2883.478,96,132,5,1,4,900,2,8,1,0,2,0,0,163,1,143,124.427,160,0,0,0,0,0
"lifecycle/lifecycle","resume-30","LVL-0001","stationary",true,228,57.126,17.5,18.1,18.6,18.7,43,13,2,1,36,0,5,9,1,0.398,1.253,2,15,2538,11,0,2766.369,16,0,4,1,4,900,2,8,1,0,2,0,0,163,1,143,124.427,160,0,0,0,0,0
"lifecycle/lifecycle","resume-30","LVL-0001","walking",true,228,57.046,17.5,18.1,18.6,22.4,73,13,2,1,66,0,5,8.987,1,0.488,1.285,2,104,2723,5,0,2886.891,97,131,5,1,4,900,2,8,1,0,2,0,0,163,1,143,124.427,160,0,0,0,0,0
"lifecycle/lifecycle","menu-riven","LVL-0034","stationary",false,227,57.007,17.5,18.1,18.5,18.7,15,6,1,1,11,0,3,3,1,0.252,1.577,0,0,10,10,0,8.701,12,0,2,1,1,8937,0,8,2,0,1,0,0,78,2,267,232.321,153,0,0,0,0,0
"lifecycle/lifecycle","menu-riven","LVL-0034","walking",false,228,57.23,17.5,18.1,18.5,18.6,47,6,1,1,43,0,3,3,1,0.343,1.536,0,0,7,7,0,6.091,96,132,5,1,1,8937,0,8,0,0,1,1,0,78,2,267,232.321,153,0,0,0,0,0
"lifecycle/lifecycle","menu-rune","LVL-0001","stationary",true,228,57.023,17.6,18.1,18.5,18.8,23,12,2,1,16,0,5,9,1,0.344,1.268,2,25,2558,13,0,2782.363,26,0,4,1,4,900,2,8,1,0,2,0,0,163,2,267,232.321,160,0,0,0,0,0
"lifecycle/lifecycle","menu-rune","LVL-0001","walking",true,228,57.129,17.5,18.1,18.3,18.7,54,13,2,1,47,0,5,8.969,1,0.516,1.262,2,97,2703,6,0,2877.859,96,132,5,1,4,900,2,8,1,0,2,0,0,163,2,267,232.321,160,0,0,0,0,0
"lifecycle/lifecycle","reload","LVL-0001","stationary",true,227,56.854,17.6,18.2,18.5,18.8,23,12,2,1,16,0,5,9,1,0.485,1.289,2,28,2566,13,0,2774.642,28,0,3,1,4,900,2,8,2,0,2,0,0,163,1,143,124.427,161,0,0,0,0,0
"lifecycle/lifecycle","reload","LVL-0001","walking",true,227,57.032,17.5,18.2,18.6,18.7,63,13,2,1,56,0,5,8.969,1,0.726,1.314,2,105,2721,16,0,2884.691,96,131,5,1,4,900,2,8,1,0,2,0,0,163,1,143,124.427,161,0,0,0,0,0
"lifecycle/lifecycle","tab-reopen-same-browser","LVL-0001","stationary",true,227,56.958,17.6,18.1,18.5,18.7,23,12,2,1,16,0,5,9,1,0.5,1.288,2,28,2566,13,0,2774.642,29,0,3,1,4,900,2,8,2,0,2,0,0,163,1,143,124.427,161,0,0,0,0,0
"lifecycle/lifecycle","tab-reopen-same-browser","LVL-0001","walking",true,228,57.096,17.5,18.2,18.3,18.7,63,13,2,1,56,0,5,8.974,1,0.735,1.321,2,105,2732,16,0,2896.688,96,132,5,1,4,900,2,8,1,0,2,0,0,163,1,143,124.427,161,0,0,0,0,0
"visibility/lifecycle","cold","LVL-0001","stationary",true,227,56.908,17.6,18.2,18.6,18.9,24,12,2,1,17,0,5,9,1,0.375,1.287,2,14,2525,1,0,2744.374,15,0,3,1,4,900,2,8,2,0,2,0,0,163,1,143,124.427,160,0,0,0,0,0
"visibility/lifecycle","cold","LVL-0001","walking",true,228,57.126,17.5,18.1,18.5,18.7,55,13,2,1,48,0,5,8.974,1,0.581,1.315,2,97,2707,6,0,2877.859,96,132,5,1,4,900,2,8,1,0,2,0,0,163,1,143,124.427,160,0,0,0,0,0
"visibility/lifecycle","resume-3","LVL-0001","stationary",true,228,57.226,17.5,18.1,18.2,18.4,80,13,2,1,73,0,5,9,1,0.423,1.259,2,28,2564,0,0,2775.328,28,1,3,1,4,900,2,8,2,0,2,0,0,163,1,143,124.427,160,0,0,0,0,0
"visibility/lifecycle","resume-3","LVL-0001","walking",true,228,57.111,17.6,18.1,18.3,18.4,81,13,2,1,74,0,5,8.982,1,0.509,1.275,2,96,2702,1,0,2872.953,96,132,5,1,4,900,2,8,1,0,2,0,0,163,1,143,124.427,160,0,0,0,0,0
"visibility/lifecycle","resume-30","LVL-0001","stationary",true,227,57.147,17.5,18.2,18.6,18.6,34,13,2,1,27,0,5,9,1,0.409,1.268,2,15,2527,8,0,2751.761,16,0,4,1,4,900,2,8,1,0,2,0,0,163,1,143,124.427,160,0,0,0,0,0
"visibility/lifecycle","resume-30","LVL-0001","walking",true,227,57.001,17.6,18.1,18.5,18.7,69,13,2,1,62,0,5,8.982,1,0.523,1.302,2,105,2717,10,0,2880.328,96,131,5,1,4,900,2,8,1,0,2,0,0,163,1,143,124.427,160,0,0,0,0,0
"visibility/lifecycle","menu-riven","LVL-0034","stationary",false,229,57.287,17.4,18.1,18.4,18.5,15,6,1,1,11,0,3,3,1,0.193,1.571,0,0,4,4,0,3.48,17,0,2,1,1,8937,0,8,2,0,1,0,0,78,2,267,232.321,153,0,0,0,0,0
"visibility/lifecycle","menu-riven","LVL-0034","walking",false,227,56.763,17.6,18.1,18.5,34.3,47,6,1,1,43,0,3,3,1,0.296,1.53,0,0,7,7,0,6.091,97,130,5,1,1,8937,0,8,0,0,2,1,1,78,2,267,232.321,153,1,1,0,0,0
"visibility/lifecycle","menu-rune","LVL-0001","stationary",true,227,56.992,17.5,18.2,18.6,18.6,23,12,2,1,16,0,5,9,1,0.363,1.296,2,17,2531,13,0,2758.962,18,0,4,1,4,900,2,8,1,0,2,0,0,163,2,267,232.321,160,0,0,0,0,0
"visibility/lifecycle","menu-rune","LVL-0001","walking",true,227,57.047,17.5,18.1,18.2,18.5,59,13,2,1,52,0,5,8.974,1,0.566,1.25,2,100,2701,11,0,2874.095,96,131,5,1,4,900,2,8,1,0,2,0,0,163,2,267,232.321,160,0,0,0,0,0
"visibility/lifecycle","reload","LVL-0001","stationary",true,227,56.928,17.6,18.2,18.4,18.6,24,12,2,1,17,0,5,9,1,0.482,1.274,2,28,2566,14,0,2775.642,29,0,3,1,4,900,2,8,2,0,2,0,0,163,1,143,124.427,160,0,0,0,0,0
"visibility/lifecycle","reload","LVL-0001","walking",true,228,57.101,17.5,18.1,18.5,18.6,55,13,2,1,48,0,5,8.978,1,0.63,1.304,2,98,2709,6,0,2879.285,97,131,5,1,4,900,2,8,1,0,2,0,0,163,1,143,124.427,160,0,0,0,0,0
"visibility/lifecycle","tab-reopen-same-browser","LVL-0001","stationary",true,227,57.024,17.5,18.1,18.4,18.6,23,12,2,1,16,0,5,9,1,0.439,1.273,2,24,2554,9,0,2765.46,24,0,3,1,4,900,2,8,2,0,2,0,0,163,1,143,124.427,161,0,0,0,0,0
"visibility/lifecycle","tab-reopen-same-browser","LVL-0001","walking",true,227,56.899,17.6,18.2,18.5,18.5,55,13,2,1,48,0,5,8.974,1,0.578,1.306,2,97,2696,7,0,2866.862,96,131,5,1,4,900,2,8,1,0,2,0,0,163,1,143,124.427,161,0,0,0,0,0
"native-visibility/lifecycle","cold","LVL-0001","stationary",true,228,57.123,17.5,18.1,18.5,18.7,24,12,2,1,17,0,5,9,1,0.482,1.291,2,28,2576,13,0,2786.77,28,0,3,1,4,900,2,8,2,0,2,0,0,163,1,143,124.427,160,0,0,0,0,0
"native-visibility/lifecycle","cold","LVL-0001","walking",true,228,56.959,17.6,18.1,18.5,18.6,64,13,2,1,57,0,5,8.978,1,0.77,1.28,2,107,2737,16,0,2899.234,97,131,5,1,4,900,2,8,1,0,2,0,0,163,1,143,124.427,160,0,0,0,0,0
"native-visibility/lifecycle","resume-3","LVL-0001","stationary",true,228,57.232,17.5,18.1,18.5,18.6,95,13,2,1,88,0,5,9,1,0.415,1.272,2,14,2536,0,0,2755.372,14,1,3,1,4,900,2,8,2,0,2,0,0,163,1,143,124.427,160,0,0,0,0,0
"native-visibility/lifecycle","resume-3","LVL-0001","walking",true,228,57.044,17.5,18.1,18.4,18.6,96,13,2,1,89,0,5,8.978,1,0.515,1.296,2,97,2703,1,0,2874.379,97,131,5,1,4,900,2,8,1,0,2,0,0,163,1,143,124.427,160,0,0,0,0,0
"native-visibility/lifecycle","resume-30","LVL-0001","stationary",true,227,56.908,17.5,18.1,18.5,33.6,62,13,2,1,55,0,5,9,1,0.414,1.261,2,14,2525,1,0,2744.374,14,1,3,1,4,900,2,8,2,0,2,0,0,163,1,143,124.427,160,1,0,1,0,0
"native-visibility/lifecycle","resume-30","LVL-0001","walking",true,228,57.133,17.5,18.1,18.4,18.6,91,13,2,1,84,0,5,8.982,1,0.6,1.283,2,105,2727,4,0,2886.959,96,132,5,1,4,900,2,8,1,0,2,0,0,163,1,143,124.427,160,0,0,0,0,0
"native-visibility/lifecycle","menu-riven","LVL-0034","stationary",false,227,56.845,17.5,18.1,18.6,18.6,15,6,1,1,11,0,3,3,1,0.247,1.582,0,0,10,10,0,8.701,12,0,2,1,1,8937,0,8,2,0,1,0,0,78,2,267,232.321,153,0,0,0,0,0
"native-visibility/lifecycle","menu-riven","LVL-0034","walking",false,227,56.908,17.6,18.2,18.5,18.6,47,6,1,1,43,0,3,3,1,0.34,1.534,0,0,7,7,0,6.091,96,131,5,1,1,8937,0,8,0,0,1,1,0,78,2,267,232.321,153,0,0,0,0,0
"native-visibility/lifecycle","menu-rune","LVL-0001","stationary",true,227,57.074,17.5,18.1,18.6,18.6,23,12,2,1,16,0,5,9,1,0.353,1.289,2,28,2553,13,0,2774.642,29,0,3,1,4,900,2,8,2,0,2,0,0,163,2,267,232.321,160,0,0,0,0,0
"native-visibility/lifecycle","menu-rune","LVL-0001","walking",true,228,57.233,17.5,18.1,18.3,18.5,55,13,2,1,48,0,5,8.978,1,0.527,1.259,2,98,2705,7,0,2880.285,97,131,5,1,4,900,2,8,1,0,2,0,0,163,2,267,232.321,160,0,0,0,0,0
"native-visibility/lifecycle","reload","LVL-0001","stationary",true,227,57.002,17.6,18.1,18.6,18.6,23,12,2,1,16,0,5,9,1,0.482,1.289,2,28,2566,13,0,2774.642,29,0,3,1,4,900,2,8,2,0,2,0,0,163,1,143,124.427,161,0,0,0,0,0
"native-visibility/lifecycle","reload","LVL-0001","walking",true,227,56.959,17.5,18.2,18.5,18.5,55,13,2,1,48,0,5,8.974,1,0.585,1.322,2,97,2696,7,0,2866.862,96,131,5,1,4,900,2,8,1,0,2,0,0,163,1,143,124.427,161,0,0,0,0,0
"native-visibility/lifecycle","tab-reopen-same-browser","LVL-0001","stationary",true,227,56.892,17.6,18.1,18.3,18.6,23,12,2,1,16,0,5,9,1,0.447,1.366,2,23,2551,8,0,2763.164,23,0,3,1,4,900,2,8,2,0,2,0,0,163,1,143,124.427,161,0,0,0,0,0
"native-visibility/lifecycle","tab-reopen-same-browser","LVL-0001","walking",true,227,56.877,17.6,18.1,18.5,18.5,55,13,2,1,48,0,5,8.969,1,0.612,1.328,2,97,2696,7,0,2866.862,96,131,5,1,4,900,2,8,1,0,2,0,0,163,1,143,124.427,161,0,0,0,0,0
"native-browser/lifecycle","cold","LVL-0001","stationary",true,38,9.948,100.5,101.4,101.5,101.5,18,12,2,1,11,0,5,9,1,0.911,1.561,2,7,437,4,0,469.361,11,0,4,1,4,900,2,8,1,0,2,0,0,163,1,143,124.427,160,38,11,38,4,1
"native-browser/lifecycle","cold","LVL-0001","walking",true,39,9.94,100.6,101.4,101.5,101.5,38,13,2,1,31,0,5,8.923,1,1.579,1.354,2,30,500,12,0,520.059,39,0,5,1,4,900,2,8,1,0,2,0,0,163,1,143,124.427,160,39,39,39,12,0
